"","fn","id","filename"
"1","1__10527.pdf","1","10527"
"2","2__A_26_0001.pdf","2","A_26_0001"
"3","3__A_50_0001.pdf","3","A_50_0001"
"4","4__A_94_001.pdf","4","A_94_001"
"5","5__A_591_0001.pdf","5","A_591_0001"
"6","6__A_995_0001.pdf","6","A_995_0001"
"7","7__A_999_0001.pdf","7","A_999_0001"
"8","8__A_1085_0001.pdf","8","A_1085_0001"
"9","9__A_1246.pdf","9","A_1246"
"10","10__A_1346_0001.pdf","10","A_1346_0001"
"11","11__A_1349_001.pdf","11","A_1349_001"
"12","12__A_1351_001.pdf","12","A_1351_001"
"13","13__A_1470_0001.pdf","13","A_1470_0001"
"14","14__A_1547_001.pdf","14","A_1547_001"
"15","15__A_1899_0001.pdf","15","A_1899_0001"
"16","16__A_1908a_001.pdf","16","A_1908a_001"
"17","17__A_1923_0001.pdf","17","A_1923_0001"
"18","18__A_2032_001.pdf","18","A_2032_001"
"19","19__A_2048_0001.pdf","19","A_2048_0001"
"20","20__A_2054_0001.pdf","20","A_2054_0001"
"21","21__A_2108_0001.pdf","21","A_2108_0001"
"22","22__A_2348a_0001.pdf","22","A_2348a_0001"
"23","23__A_2370_0001.pdf","23","A_2370_0001"
"24","24__A_2405_0001.pdf","24","A_2405_0001"
"25","25__A_2433_0001.pdf","25","A_2433_0001"
"26","26__A_3193_001.pdf","26","A_3193_001"
"27","27__A_3850_0001.pdf","27","A_3850_0001"
"28","28__A_5658_0001.pdf","28","A_5658_0001"
"29","29__A_6196_001.pdf","29","A_6196_001"
"30","30__A_6198_001.pdf","30","A_6198_001"
"31","31__A_6210_001.pdf","31","A_6210_001"
"32","32__A_6259_0001.pdf","32","A_6259_0001"
"33","33__A_6278_0001.pdf","33","A_6278_0001"
"34","34__A_7853_001.pdf","34","A_7853_001"
"35","35__Ajaleht001__(1).pdf","35","Ajaleht001(1)"
"36","36__Ajaleht002.pdf","36","Ajaleht002"
"37","37__B_50.005.pdf","37","B_50.005"
"38","38__B_150_0001.pdf","38","B_150_0001"
"39","39__B_160_0001.pdf","39","B_160_0001"
"40","40__B_568_0001.pdf","40","B_568_0001"
"41","41__B_705b_0001.pdf","41","B_705b_0001"
"42","42__B_50016_.pdf","42","B_50016_"
"43","43__b1694768x.pdf","43","b1694768x"
"44","44__b11346668.pdf","44","b11346668"
"45","45__b11513111.pdf","45","b11513111"
"46","46__b15654370.pdf","46","b15654370"
"47","47__b15774958.pdf","47","b15774958"
"48","48__b16010188.pdf","48","b16010188"
"49","49__b16340115_0001.pdf","49","b16340115_0001"
"50","50__b16432186.pdf","50","b16432186"
"51","51__b16501792__(1).pdf","51","b16501792(1)"
"52","52__b16550730_1329475447542.pdf","52","b16550730_1329475447542"
"53","53__b16729808.pdf","53","b16729808"
"54","54__b16756642.pdf","54","b16756642"
"55","55__b16778078.pdf","55","b16778078"
"56","56__b16778480.pdf","56","b16778480"
"57","57__b16870463.pdf","57","b16870463"
"58","58__b16908727.pdf","58","b16908727"
"59","59__b16924162.pdf","59","b16924162"
"60","60__b16935421.pdf","60","b16935421"
"61","61__b16947812.pdf","61","b16947812"
"62","62__b17020773_01.pdf","62","b17020773_01"
"63","63__b17020773_02.pdf","63","b17020773_02"
"64","64__b17095098.pdf","64","b17095098"
"65","65__b23697726_0001.pdf","65","b23697726_0001"
"66","66__E_609_0001.pdf","66","E_609_0001"
"67","67__Eisen_30_001.pdf","67","Eisen_30_001"
"68","68__ES_1178.pdf","68","ES_1178"
"69","69__jarv_lill.pdf","69","jarv_lill"
"70","70__koidulaemmajoe.pdf","70","koidulaemmajoe"
"71","71__koidulawaino.pdf","71","koidulawaino"
"72","72__kreutzalm.pdf","72","kreutzalm"
"73","73__kuhlbars_vastse.pdf","73","kuhlbars_vastse"
"74","74__kunderkymme.pdf","74","kunderkymme"
"75","75__kunderoiekuu.pdf","75","kunderoiekuu"
"76","76__malmvana.pdf","76","malmvana"
"77","77__nlib-digar_102218.pdf","77","nlib-digar_102218"
"78","78__nlib-digar_420612.pdf","78","nlib-digar_420612"
"79","79__nlib-digar_427533.pdf","79","nlib-digar_427533"
"80","80__nlib-digar_448207.pdf","80","nlib-digar_448207"
"81","81__OE_1419.pdf","81","OE_1419"
"82","82__OES_704_001.pdf","82","OES_704_001"
"83","83__OES_764_001.pdf","83","OES_764_001"
"84","84__OES_847.pdf","84","OES_847"
"85","85__OES_848.pdf","85","OES_848"
"86","86__OES_1136.pdf","86","OES_1136"
"87","87__OES_1245_000.pdf","87","OES_1245_000"
"88","88__OES_1286_0001.pdf","88","OES_1286_0001"
"89","89__OES_1291_0001.pdf","89","OES_1291_0001"
"90","90__OES_1292_0001.pdf","90","OES_1292_0001"
"91","91__OES_1330_001.pdf","91","OES_1330_001"
"92","92__OES_1338_0001.pdf","92","OES_1338_0001"
"93","93__OES_1345.pdf","93","OES_1345"
"94","94__OES_1346.pdf","94","OES_1346"
"95","95__OES_1418_0001.pdf","95","OES_1418_0001"
"96","96__OES_1422.pdf","96","OES_1422"
"97","97__OES_1662_0001.pdf","97","OES_1662_0001"
"98","98__OES_1700_0001.pdf","98","OES_1700_0001"
"99","99__OES_1725_0001.pdf","99","OES_1725_0001"
"100","100__OES_1793_0001.pdf","100","OES_1793_0001"
"101","101__OES_3283_001.pdf","101","OES_3283_001"
"102","102__OES_3286_001.pdf","102","OES_3286_001"
"103","103__piir_esim.pdf","103","piir_esim"
"104","104__reinwaldoitsi.pdf","104","reinwaldoitsi"
"105","105__reinwaldwill1872.pdf","105","reinwaldwill1872"
"106","106__reinwaldwill1875.pdf","106","reinwaldwill1875"
"107","107__reinwwiljandi3.pdf","107","reinwwiljandi3"
"108","108__Roos_1375_001.pdf","108","Roos_1375_001"
"109","109__sipelgas2.pdf","109","sipelgas2"
"110","110__undritzmoistlik1.pdf","110","undritzmoistlik1"
"111","111__undritzmoistlik2.pdf","111","undritzmoistlik2"
"112","112__weizvanahopmann.pdf","112","weizvanahopmann"
"113","113__weskeviisidega.pdf","113","weskeviisidega"
"114","114__ytshirmus.pdf","114","ytshirmus"
